source,product,market,date_observed,date_reference,price_eur_kg,year,seasonal_flag,notes
Mercasa,Cerezas,Mercamadrid,22/05*,26/05*,"2,80",2026,1,
Mercasa,Cerezas,Mercamadrid,22/05*,26/05*,"6,81",2026,1,
Mercasa,Cerezas,Mercamadrid,22/05*,26/05*,"2,81",2026,1,
Mercasa,Cerezas,Mercamadrid,22/05*,26/05*,"1,69",2026,1,
Mercasa,Cerezas,Mercamadrid,22/05*,26/05*,"1,95",2026,1,
Mercasa,Cerezas,Mercamadrid,22/05*,26/05*,"2,35",2026,1,
Mercasa,Cerezas,Mercamadrid,22/05*,26/05*,"1,60",2026,1,
Mercasa,Cerezas,Mercamadrid,22/05*,26/05*,"4,66",2026,1,
Mercasa,Cerezas,Mercamadrid,22/05*,26/05*,"2,27",2026,1,
Mercasa,Cerezas,Mercamadrid,22/05*,26/05*,"1,35",2026,1,
Mercasa,Cerezas,Mercabarna,22/05,26/05,"1,85",2026,1,
Mercasa,Cerezas,Mercabarna,22/05,26/05,"4,00",2026,1,
Mercasa,Cerezas,Mercabarna,22/05,26/05,"2,80",2026,1,
Mercasa,Cerezas,Mercabarna,22/05,26/05,"1,20",2026,1,
Mercasa,Cerezas,Mercabarna,22/05,26/05,"1,30",2026,1,
Mercasa,Cerezas,Mercabarna,22/05,26/05,"1,70",2026,1,
Mercasa,Cerezas,Mercabarna,22/05,26/05,"1,00",2026,1,
Mercasa,Cerezas,Mercabarna,22/05,26/05,"3,00",2026,1,
Mercasa,Cerezas,Mercabarna,22/05,26/05,"1,85",2026,1,
Mercasa,Cerezas,Mercabarna,22/05,26/05,"1,10",2026,1,
Mercasa,Cerezas,Mercabilbao,22/05,26/05,"1,80",2026,1,
Mercasa,Cerezas,Mercabilbao,22/05,26/05,"4,00",2026,1,
Mercasa,Cerezas,Mercabilbao,22/05,26/05,"3,00",2026,1,
Mercasa,Cerezas,Mercabilbao,22/05,26/05,"2,00",2026,1,
Mercasa,Cerezas,Mercabilbao,22/05,26/05,"1,10",2026,1,
Mercasa,Cerezas,Mercabilbao,22/05,26/05,"1,20",2026,1,
Mercasa,Cerezas,Mercabilbao,22/05,26/05,"2,75",2026,1,
Mercasa,Cerezas,Mercabilbao,22/05,26/05,"1,00",2026,1,
Mercasa,Cerezas,Mercavalencia,22/05,26/05,"3,80",2026,1,
Mercasa,Cerezas,Mercavalencia,22/05,26/05,"5,50",2026,1,
Mercasa,Cerezas,Mercavalencia,22/05,26/05,"2,50",2026,1,
Mercasa,Cerezas,Mercavalencia,22/05,26/05,"1,40",2026,1,
Mercasa,Cerezas,Mercavalencia,22/05,26/05,"0,95",2026,1,
Mercasa,Cerezas,Mercavalencia,22/05,26/05,"1,40",2026,1,
Mercasa,Cerezas,Mercavalencia,22/05,26/05,"0,60",2026,1,
Mercasa,Cerezas,Mercavalencia,22/05,26/05,"2,10",2026,1,
Mercasa,Cerezas,Mercavalencia,22/05,26/05,"1,10",2026,1,
Mercasa,Cerezas,Mercavalencia,22/05,26/05,"1,00",2026,1,
Mercasa,Cerezas,Mercasevilla,22/05,26/05,"2,00",2026,1,
Mercasa,Cerezas,Mercasevilla,22/05,26/05,"5,00",2026,1,
Mercasa,Cerezas,Mercasevilla,22/05,26/05,"2,58",2026,1,
Mercasa,Cerezas,Mercasevilla,22/05,26/05,"1,53",2026,1,
Mercasa,Cerezas,Mercasevilla,22/05,26/05,"1,90",2026,1,
Mercasa,Cerezas,Mercasevilla,22/05,26/05,"1,90",2026,1,
Mercasa,Cerezas,Mercasevilla,22/05,26/05,"0,80",2026,1,
Mercasa,Cerezas,Mercasevilla,22/05,26/05,"2,56",2026,1,
Mercasa,Cerezas,Mercasevilla,22/05,26/05,"2,00",2026,1,
Mercasa,Cerezas,Mercasevilla,22/05,26/05,"0,94",2026,1,
Mercasa,Cerezas,Mercamadrid,19/05*,22/05*,"2,71",2026,1,
Mercasa,Cerezas,Mercamadrid,19/05*,22/05*,"8,14",2026,1,
Mercasa,Cerezas,Mercamadrid,19/05*,22/05*,"2,50",2026,1,
Mercasa,Cerezas,Mercamadrid,19/05*,22/05*,"1,58",2026,1,
Mercasa,Cerezas,Mercamadrid,19/05*,22/05*,"1,94",2026,1,
Mercasa,Cerezas,Mercamadrid,19/05*,22/05*,"2,39",2026,1,
Mercasa,Cerezas,Mercamadrid,19/05*,22/05*,"1,50",2026,1,
Mercasa,Cerezas,Mercamadrid,19/05*,22/05*,"4,63",2026,1,
Mercasa,Cerezas,Mercamadrid,19/05*,22/05*,"2,15",2026,1,
Mercasa,Cerezas,Mercamadrid,19/05*,22/05*,"1,48",2026,1,
Mercasa,Cerezas,Mercabarna,19/05,22/05,"1,85",2026,1,
Mercasa,Cerezas,Mercabarna,19/05,22/05,"4,00",2026,1,
Mercasa,Cerezas,Mercabarna,19/05,22/05,"2,80",2026,1,
Mercasa,Cerezas,Mercabarna,19/05,22/05,"1,20",2026,1,
Mercasa,Cerezas,Mercabarna,19/05,22/05,"1,30",2026,1,
Mercasa,Cerezas,Mercabarna,19/05,22/05,"1,70",2026,1,
Mercasa,Cerezas,Mercabarna,19/05,22/05,"1,00",2026,1,
Mercasa,Cerezas,Mercabarna,19/05,22/05,"3,00",2026,1,
Mercasa,Cerezas,Mercabarna,19/05,22/05,"1,85",2026,1,
Mercasa,Cerezas,Mercabarna,19/05,22/05,"1,10",2026,1,
Mercasa,Cerezas,Mercabilbao,19/05,22/05,"1,75",2026,1,
Mercasa,Cerezas,Mercabilbao,19/05,22/05,"4,50",2026,1,
Mercasa,Cerezas,Mercabilbao,19/05,22/05,"2,70",2026,1,
Mercasa,Cerezas,Mercabilbao,19/05,22/05,"2,00",2026,1,
Mercasa,Cerezas,Mercabilbao,19/05,22/05,"1,10",2026,1,
Mercasa,Cerezas,Mercabilbao,19/05,22/05,"0,70",2026,1,
Mercasa,Cerezas,Mercabilbao,19/05,22/05,"1,20",2026,1,
Mercasa,Cerezas,Mercabilbao,19/05,22/05,"2,75",2026,1,
Mercasa,Cerezas,Mercabilbao,19/05,22/05,"0,95",2026,1,
Mercasa,Cerezas,Mercavalencia,19/05,22/05,"3,80",2026,1,
Mercasa,Cerezas,Mercavalencia,19/05,22/05,"5,50",2026,1,
Mercasa,Cerezas,Mercavalencia,19/05,22/05,"2,50",2026,1,
Mercasa,Cerezas,Mercavalencia,19/05,22/05,"1,40",2026,1,
Mercasa,Cerezas,Mercavalencia,19/05,22/05,"0,95",2026,1,
Mercasa,Cerezas,Mercavalencia,19/05,22/05,"1,40",2026,1,
Mercasa,Cerezas,Mercavalencia,19/05,22/05,"0,60",2026,1,
Mercasa,Cerezas,Mercavalencia,19/05,22/05,"2,10",2026,1,
Mercasa,Cerezas,Mercavalencia,19/05,22/05,"1,10",2026,1,
Mercasa,Cerezas,Mercavalencia,19/05,22/05,"1,00",2026,1,
Mercasa,Cerezas,Mercasevilla,19/05,22/05,"2,36",2026,1,
Mercasa,Cerezas,Mercasevilla,19/05,22/05,"5,00",2026,1,
Mercasa,Cerezas,Mercasevilla,19/05,22/05,"2,58",2026,1,
Mercasa,Cerezas,Mercasevilla,19/05,22/05,"1,53",2026,1,
Mercasa,Cerezas,Mercasevilla,19/05,22/05,"1,90",2026,1,
Mercasa,Cerezas,Mercasevilla,19/05,22/05,"1,90",2026,1,
Mercasa,Cerezas,Mercasevilla,19/05,22/05,"0,80",2026,1,
Mercasa,Cerezas,Mercasevilla,19/05,22/05,"2,56",2026,1,
Mercasa,Cerezas,Mercasevilla,19/05,22/05,"2,00",2026,1,
Mercasa,Cerezas,Mercasevilla,19/05,22/05,"0,94",2026,1,
Mercasa,Cerezas,Mercamadrid,15/05*,19/05*,"2,71",2026,1,
Mercasa,Cerezas,Mercamadrid,15/05*,19/05*,"8,14",2026,1,
Mercasa,Cerezas,Mercamadrid,15/05*,19/05*,"2,50",2026,1,
Mercasa,Cerezas,Mercamadrid,15/05*,19/05*,"1,58",2026,1,
Mercasa,Cerezas,Mercamadrid,15/05*,19/05*,"1,94",2026,1,
Mercasa,Cerezas,Mercamadrid,15/05*,19/05*,"2,39",2026,1,
Mercasa,Cerezas,Mercamadrid,15/05*,19/05*,"1,50",2026,1,
Mercasa,Cerezas,Mercamadrid,15/05*,19/05*,"4,63",2026,1,
Mercasa,Cerezas,Mercamadrid,15/05*,19/05*,"2,15",2026,1,
Mercasa,Cerezas,Mercamadrid,15/05*,19/05*,"1,48",2026,1,
Mercasa,Cerezas,Mercabarna,15/05,19/05,"1,70",2026,1,
Mercasa,Cerezas,Mercabarna,15/05,19/05,"5,00",2026,1,
Mercasa,Cerezas,Mercabarna,15/05,19/05,"3,20",2026,1,
Mercasa,Cerezas,Mercabarna,15/05,19/05,"1,60",2026,1,
Mercasa,Cerezas,Mercabarna,15/05,19/05,"1,20",2026,1,
Mercasa,Cerezas,Mercabarna,15/05,19/05,"1,60",2026,1,
Mercasa,Cerezas,Mercabarna,15/05,19/05,"1,00",2026,1,
Mercasa,Cerezas,Mercabarna,15/05,19/05,"2,30",2026,1,
Mercasa,Cerezas,Mercabarna,15/05,19/05,"1,85",2026,1,
Mercasa,Cerezas,Mercabarna,15/05,19/05,"1,25",2026,1,
Mercasa,Cerezas,Mercabilbao,15/05,19/05,"2,00",2026,1,
Mercasa,Cerezas,Mercabilbao,15/05,19/05,"4,50",2026,1,
Mercasa,Cerezas,Mercabilbao,15/05,19/05,"2,75",2026,1,
Mercasa,Cerezas,Mercabilbao,15/05,19/05,"2,00",2026,1,
Mercasa,Cerezas,Mercabilbao,15/05,19/05,"1,10",2026,1,
Mercasa,Cerezas,Mercabilbao,15/05,19/05,"1,10",2026,1,
Mercasa,Cerezas,Mercabilbao,15/05,19/05,"2,75",2026,1,
Mercasa,Cerezas,Mercabilbao,15/05,19/05,"1,00",2026,1,
Mercasa,Cerezas,Mercavalencia,15/05,19/05,"3,50",2026,1,
Mercasa,Cerezas,Mercavalencia,15/05,19/05,"6,50",2026,1,
Mercasa,Cerezas,Mercavalencia,15/05,19/05,"2,70",2026,1,
Mercasa,Cerezas,Mercavalencia,15/05,19/05,"1,50",2026,1,
Mercasa,Cerezas,Mercavalencia,15/05,19/05,"0,90",2026,1,
Mercasa,Cerezas,Mercavalencia,15/05,19/05,"1,80",2026,1,
Mercasa,Cerezas,Mercavalencia,15/05,19/05,"0,60",2026,1,
Mercasa,Cerezas,Mercavalencia,15/05,19/05,"2,10",2026,1,
Mercasa,Cerezas,Mercavalencia,15/05,19/05,"1,50",2026,1,
Mercasa,Cerezas,Mercavalencia,15/05,19/05,"1,10",2026,1,
Mercasa,Cerezas,Mercasevilla,15/05,19/05,"2,40",2026,1,
Mercasa,Cerezas,Mercasevilla,15/05,19/05,"5,40",2026,1,
Mercasa,Cerezas,Mercasevilla,15/05,19/05,"2,74",2026,1,
Mercasa,Cerezas,Mercasevilla,15/05,19/05,"1,50",2026,1,
Mercasa,Cerezas,Mercasevilla,15/05,19/05,"1,74",2026,1,
Mercasa,Cerezas,Mercasevilla,15/05,19/05,"1,84",2026,1,
Mercasa,Cerezas,Mercasevilla,15/05,19/05,"0,65",2026,1,
Mercasa,Cerezas,Mercasevilla,15/05,19/05,"2,86",2026,1,
Mercasa,Cerezas,Mercasevilla,15/05,19/05,"2,05",2026,1,
Mercasa,Cerezas,Mercasevilla,15/05,19/05,"0,79",2026,1,
Mercasa,Cerezas,Mercamadrid,12/05*,15/05*,"9,47",2026,1,
Mercasa,Cerezas,Mercamadrid,12/05*,15/05*,"2,66",2026,1,
Mercasa,Cerezas,Mercamadrid,12/05*,15/05*,"1,20",2026,1,
Mercasa,Cerezas,Mercamadrid,12/05*,15/05*,"1,90",2026,1,
Mercasa,Cerezas,Mercamadrid,12/05*,15/05*,"2,18",2026,1,
Mercasa,Cerezas,Mercamadrid,12/05*,15/05*,"1,00",2026,1,
Mercasa,Cerezas,Mercamadrid,12/05*,15/05*,"4,92",2026,1,
Mercasa,Cerezas,Mercamadrid,12/05*,15/05*,"1,96",2026,1,
Mercasa,Cerezas,Mercamadrid,12/05*,15/05*,"1,66",2026,1,
Mercasa,Cerezas,Mercabarna,12/05,15/05,"1,70",2026,1,
Mercasa,Cerezas,Mercabarna,12/05,15/05,"5,00",2026,1,
Mercasa,Cerezas,Mercabarna,12/05,15/05,"3,20",2026,1,
Mercasa,Cerezas,Mercabarna,12/05,15/05,"1,60",2026,1,
Mercasa,Cerezas,Mercabarna,12/05,15/05,"1,20",2026,1,
Mercasa,Cerezas,Mercabarna,12/05,15/05,"1,60",2026,1,
Mercasa,Cerezas,Mercabarna,12/05,15/05,"1,00",2026,1,
Mercasa,Cerezas,Mercabarna,12/05,15/05,"2,30",2026,1,
Mercasa,Cerezas,Mercabarna,12/05,15/05,"1,85",2026,1,
Mercasa,Cerezas,Mercabarna,12/05,15/05,"1,25",2026,1,
Mercasa,Cerezas,Mercabilbao,12/05,15/05,"1,90",2026,1,
Mercasa,Cerezas,Mercabilbao,12/05,15/05,"5,25",2026,1,
Mercasa,Cerezas,Mercabilbao,12/05,15/05,"3,25",2026,1,
Mercasa,Cerezas,Mercabilbao,12/05,15/05,"2,15",2026,1,
Mercasa,Cerezas,Mercabilbao,12/05,15/05,"1,10",2026,1,
Mercasa,Cerezas,Mercabilbao,12/05,15/05,"1,10",2026,1,
Mercasa,Cerezas,Mercabilbao,12/05,15/05,"3,00",2026,1,
Mercasa,Cerezas,Mercabilbao,12/05,15/05,"1,70",2026,1,
Mercasa,Cerezas,Mercabilbao,12/05,15/05,"0,95",2026,1,
Mercasa,Cerezas,Mercavalencia,12/05,15/05,"3,50",2026,1,
Mercasa,Cerezas,Mercavalencia,12/05,15/05,"6,50",2026,1,
Mercasa,Cerezas,Mercavalencia,12/05,15/05,"2,70",2026,1,
Mercasa,Cerezas,Mercavalencia,12/05,15/05,"1,50",2026,1,
Mercasa,Cerezas,Mercavalencia,12/05,15/05,"0,90",2026,1,
Mercasa,Cerezas,Mercavalencia,12/05,15/05,"1,80",2026,1,
Mercasa,Cerezas,Mercavalencia,12/05,15/05,"0,60",2026,1,
Mercasa,Cerezas,Mercavalencia,12/05,15/05,"2,10",2026,1,
Mercasa,Cerezas,Mercavalencia,12/05,15/05,"1,50",2026,1,
Mercasa,Cerezas,Mercavalencia,12/05,15/05,"1,10",2026,1,
Mercasa,Cerezas,Mercasevilla,12/05,15/05,"2,40",2026,1,
Mercasa,Cerezas,Mercasevilla,12/05,15/05,"5,40",2026,1,
Mercasa,Cerezas,Mercasevilla,12/05,15/05,"2,74",2026,1,
Mercasa,Cerezas,Mercasevilla,12/05,15/05,"1,50",2026,1,
Mercasa,Cerezas,Mercasevilla,12/05,15/05,"1,74",2026,1,
Mercasa,Cerezas,Mercasevilla,12/05,15/05,"1,84",2026,1,
Mercasa,Cerezas,Mercasevilla,12/05,15/05,"0,65",2026,1,
Mercasa,Cerezas,Mercasevilla,12/05,15/05,"2,86",2026,1,
Mercasa,Cerezas,Mercasevilla,12/05,15/05,"2,05",2026,1,
Mercasa,Cerezas,Mercasevilla,12/05,15/05,"0,79",2026,1,
Mercasa,Cerezas,Mercamadrid,08/05*,12/05*,"6,00",2026,1,
Mercasa,Cerezas,Mercamadrid,08/05*,12/05*,"9,47",2026,1,
Mercasa,Cerezas,Mercamadrid,08/05*,12/05*,"2,66",2026,1,
Mercasa,Cerezas,Mercamadrid,08/05*,12/05*,"1,20",2026,1,
Mercasa,Cerezas,Mercamadrid,08/05*,12/05*,"1,90",2026,1,
Mercasa,Cerezas,Mercamadrid,08/05*,12/05*,"2,18",2026,1,
Mercasa,Cerezas,Mercamadrid,08/05*,12/05*,"1,00",2026,1,
Mercasa,Cerezas,Mercamadrid,08/05*,12/05*,"4,92",2026,1,
Mercasa,Cerezas,Mercamadrid,08/05*,12/05*,"1,96",2026,1,
Mercasa,Cerezas,Mercamadrid,08/05*,12/05*,"1,66",2026,1,
Mercasa,Cerezas,Mercabarna,08/05,12/05,"2,50",2026,1,
Mercasa,Cerezas,Mercabarna,08/05,12/05,"6,00",2026,1,
Mercasa,Cerezas,Mercabarna,08/05,12/05,"3,00",2026,1,
Mercasa,Cerezas,Mercabarna,08/05,12/05,"1,50",2026,1,
Mercasa,Cerezas,Mercabarna,08/05,12/05,"1,50",2026,1,
Mercasa,Cerezas,Mercabarna,08/05,12/05,"2,30",2026,1,
Mercasa,Cerezas,Mercabarna,08/05,12/05,"0,90",2026,1,
Mercasa,Cerezas,Mercabarna,08/05,12/05,"2,25",2026,1,
Mercasa,Cerezas,Mercabarna,08/05,12/05,"1,85",2026,1,
Mercasa,Cerezas,Mercabarna,08/05,12/05,"1,30",2026,1,
Mercasa,Cerezas,Mercabilbao,08/05,12/05,"2,20",2026,1,
Mercasa,Cerezas,Mercabilbao,08/05,12/05,"6,50",2026,1,
Mercasa,Cerezas,Mercabilbao,08/05,12/05,"3,25",2026,1,
Mercasa,Cerezas,Mercabilbao,08/05,12/05,"2,15",2026,1,
Mercasa,Cerezas,Mercabilbao,08/05,12/05,"1,10",2026,1,
Mercasa,Cerezas,Mercabilbao,08/05,12/05,"1,15",2026,1,
Mercasa,Cerezas,Mercabilbao,08/05,12/05,"3,00",2026,1,
Mercasa,Cerezas,Mercabilbao,08/05,12/05,"1,70",2026,1,
Mercasa,Cerezas,Mercabilbao,08/05,12/05,"1,15",2026,1,
Mercasa,Cerezas,Mercavalencia,08/05,12/05,"2,25",2026,1,
Mercasa,Cerezas,Mercavalencia,08/05,12/05,"8,00",2026,1,
Mercasa,Cerezas,Mercavalencia,08/05,12/05,"2,50",2026,1,
Mercasa,Cerezas,Mercavalencia,08/05,12/05,"1,50",2026,1,
Mercasa,Cerezas,Mercavalencia,08/05,12/05,"1,60",2026,1,
Mercasa,Cerezas,Mercavalencia,08/05,12/05,"0,60",2026,1,
Mercasa,Cerezas,Mercavalencia,08/05,12/05,"2,50",2026,1,
Mercasa,Cerezas,Mercavalencia,08/05,12/05,"2,00",2026,1,
Mercasa,Cerezas,Mercavalencia,08/05,12/05,"1,20",2026,1,
Mercasa,Cerezas,Mercasevilla,08/05,12/05,"2,39",2026,1,
Mercasa,Cerezas,Mercasevilla,08/05,12/05,"4,80",2026,1,
Mercasa,Cerezas,Mercasevilla,08/05,12/05,"2,72",2026,1,
Mercasa,Cerezas,Mercasevilla,08/05,12/05,"1,52",2026,1,
Mercasa,Cerezas,Mercasevilla,08/05,12/05,"1,76",2026,1,
Mercasa,Cerezas,Mercasevilla,08/05,12/05,"2,10",2026,1,
Mercasa,Cerezas,Mercasevilla,08/05,12/05,"0,65",2026,1,
Mercasa,Cerezas,Mercasevilla,08/05,12/05,"2,75",2026,1,
Mercasa,Cerezas,Mercasevilla,08/05,12/05,"2,15",2026,1,
Mercasa,Cerezas,Mercasevilla,08/05,12/05,"1,00",2026,1,
Mercasa,Cerezas,Mercamadrid,05/05*,08/05*,"3,57",2026,1,
Mercasa,Cerezas,Mercamadrid,05/05*,08/05*,"2,69",2026,1,
Mercasa,Cerezas,Mercamadrid,05/05*,08/05*,"1,28",2026,1,
Mercasa,Cerezas,Mercamadrid,05/05*,08/05*,"1,92",2026,1,
Mercasa,Cerezas,Mercamadrid,05/05*,08/05*,"2,11",2026,1,
Mercasa,Cerezas,Mercamadrid,05/05*,08/05*,"1,08",2026,1,
Mercasa,Cerezas,Mercamadrid,05/05*,08/05*,"4,47",2026,1,
Mercasa,Cerezas,Mercamadrid,05/05*,08/05*,"1,92",2026,1,
Mercasa,Cerezas,Mercamadrid,05/05*,08/05*,"1,09",2026,1,
Mercasa,Cerezas,Mercabarna,05/05,08/05,"3,00",2026,1,
Mercasa,Cerezas,Mercabarna,05/05,08/05,"1,50",2026,1,
Mercasa,Cerezas,Mercabarna,05/05,08/05,"1,50",2026,1,
Mercasa,Cerezas,Mercabarna,05/05,08/05,"0,90",2026,1,
Mercasa,Cerezas,Mercabarna,05/05,08/05,"2,25",2026,1,
Mercasa,Cerezas,Mercabarna,05/05,08/05,"1,85",2026,1,
Mercasa,Cerezas,Mercabilbao,05/05,08/05,"2,30",2026,1,
Mercasa,Cerezas,Mercabilbao,05/05,08/05,"5,00",2026,1,
Mercasa,Cerezas,Mercabilbao,05/05,08/05,"3,25",2026,1,
Mercasa,Cerezas,Mercabilbao,05/05,08/05,"2,10",2026,1,
Mercasa,Cerezas,Mercabilbao,05/05,08/05,"1,10",2026,1,
Mercasa,Cerezas,Mercabilbao,05/05,08/05,"1,10",2026,1,
Mercasa,Cerezas,Mercabilbao,05/05,08/05,"3,50",2026,1,
Mercasa,Cerezas,Mercabilbao,05/05,08/05,"1,70",2026,1,
Mercasa,Cerezas,Mercabilbao,05/05,08/05,"1,30",2026,1,
Mercasa,Cerezas,Mercavalencia,05/05,08/05,"2,25",2026,1,
Mercasa,Cerezas,Mercavalencia,05/05,08/05,"8,00",2026,1,
Mercasa,Cerezas,Mercavalencia,05/05,08/05,"2,50",2026,1,
Mercasa,Cerezas,Mercavalencia,05/05,08/05,"1,50",2026,1,
Mercasa,Cerezas,Mercavalencia,05/05,08/05,"1,60",2026,1,
Mercasa,Cerezas,Mercavalencia,05/05,08/05,"0,60",2026,1,
Mercasa,Cerezas,Mercavalencia,05/05,08/05,"2,50",2026,1,
Mercasa,Cerezas,Mercavalencia,05/05,08/05,"2,00",2026,1,
Mercasa,Cerezas,Mercavalencia,05/05,08/05,"1,20",2026,1,
Mercasa,Cerezas,Mercasevilla,05/05,08/05,"2,39",2026,1,
Mercasa,Cerezas,Mercasevilla,05/05,08/05,"4,80",2026,1,
Mercasa,Cerezas,Mercasevilla,05/05,08/05,"2,72",2026,1,
Mercasa,Cerezas,Mercasevilla,05/05,08/05,"1,52",2026,1,
Mercasa,Cerezas,Mercasevilla,05/05,08/05,"1,76",2026,1,
Mercasa,Cerezas,Mercasevilla,05/05,08/05,"2,10",2026,1,
Mercasa,Cerezas,Mercasevilla,05/05,08/05,"0,65",2026,1,
Mercasa,Cerezas,Mercasevilla,05/05,08/05,"2,75",2026,1,
Mercasa,Cerezas,Mercasevilla,05/05,08/05,"2,15",2026,1,
Mercasa,Cerezas,Mercasevilla,05/05,08/05,"1,00",2026,1,
Mercasa,Cerezas,Mercamadrid,01/05*,05/05*,"3,57",2026,1,
Mercasa,Cerezas,Mercamadrid,01/05*,05/05*,"2,69",2026,1,
Mercasa,Cerezas,Mercamadrid,01/05*,05/05*,"1,28",2026,1,
Mercasa,Cerezas,Mercamadrid,01/05*,05/05*,"1,92",2026,1,
Mercasa,Cerezas,Mercamadrid,01/05*,05/05*,"2,11",2026,1,
Mercasa,Cerezas,Mercamadrid,01/05*,05/05*,"1,08",2026,1,
Mercasa,Cerezas,Mercamadrid,01/05*,05/05*,"4,47",2026,1,
Mercasa,Cerezas,Mercamadrid,01/05*,05/05*,"1,92",2026,1,
Mercasa,Cerezas,Mercamadrid,01/05*,05/05*,"1,09",2026,1,
Mercasa,Cerezas,Mercabarna,01/05,05/05,"3,20",2026,1,
Mercasa,Cerezas,Mercabarna,01/05,05/05,"7,50",2026,1,
Mercasa,Cerezas,Mercabarna,01/05,05/05,"3,00",2026,1,
Mercasa,Cerezas,Mercabarna,01/05,05/05,"1,60",2026,1,
Mercasa,Cerezas,Mercabarna,01/05,05/05,"1,40",2026,1,
Mercasa,Cerezas,Mercabarna,01/05,05/05,"2,30",2026,1,
Mercasa,Cerezas,Mercabarna,01/05,05/05,"0,90",2026,1,
Mercasa,Cerezas,Mercabarna,01/05,05/05,"2,50",2026,1,
Mercasa,Cerezas,Mercabarna,01/05,05/05,"1,50",2026,1,
Mercasa,Cerezas,Mercabarna,01/05,05/05,"1,20",2026,1,
Mercasa,Cerezas,Mercabilbao,01/05,05/05,"2,90",2026,1,
Mercasa,Cerezas,Mercabilbao,01/05,05/05,"7,50",2026,1,
Mercasa,Cerezas,Mercabilbao,01/05,05/05,"3,20",2026,1,
Mercasa,Cerezas,Mercabilbao,01/05,05/05,"2,10",2026,1,
Mercasa,Cerezas,Mercabilbao,01/05,05/05,"1,10",2026,1,
Mercasa,Cerezas,Mercabilbao,01/05,05/05,"1,10",2026,1,
Mercasa,Cerezas,Mercabilbao,01/05,05/05,"3,50",2026,1,
Mercasa,Cerezas,Mercabilbao,01/05,05/05,"1,70",2026,1,
Mercasa,Cerezas,Mercabilbao,01/05,05/05,"1,25",2026,1,
Mercasa,Cerezas,Mercavalencia,01/05,05/05,"2,50",2026,1,
Mercasa,Cerezas,Mercavalencia,01/05,05/05,"1,50",2026,1,
Mercasa,Cerezas,Mercavalencia,01/05,05/05,"0,60",2026,1,
Mercasa,Cerezas,Mercavalencia,01/05,05/05,"3,00",2026,1,
Mercasa,Cerezas,Mercavalencia,01/05,05/05,"2,00",2026,1,
Mercasa,Cerezas,Mercasevilla,01/05,05/05,"4,50",2026,1,
Mercasa,Cerezas,Mercasevilla,01/05,05/05,"6,25",2026,1,
Mercasa,Cerezas,Mercasevilla,01/05,05/05,"2,56",2026,1,
Mercasa,Cerezas,Mercasevilla,01/05,05/05,"1,54",2026,1,
Mercasa,Cerezas,Mercasevilla,01/05,05/05,"1,94",2026,1,
Mercasa,Cerezas,Mercasevilla,01/05,05/05,"2,30",2026,1,
Mercasa,Cerezas,Mercasevilla,01/05,05/05,"0,65",2026,1,
Mercasa,Cerezas,Mercasevilla,01/05,05/05,"2,79",2026,1,
Mercasa,Cerezas,Mercasevilla,01/05,05/05,"2,09",2026,1,
Mercasa,Cerezas,Mercasevilla,01/05,05/05,"1,10",2026,1,
Mercasa,Fresones,Mercamadrid,24/04*,28/04*,"4,24",2026,1,
Mercasa,Fresones,Mercamadrid,24/04*,28/04*,"2,50",2026,1,
Mercasa,Fresones,Mercamadrid,24/04*,28/04*,"1,25",2026,1,
Mercasa,Fresones,Mercamadrid,24/04*,28/04*,"2,00",2026,1,
Mercasa,Fresones,Mercamadrid,24/04*,28/04*,"1,60",2026,1,
Mercasa,Fresones,Mercamadrid,24/04*,28/04*,"1,20",2026,1,
Mercasa,Fresones,Mercamadrid,24/04*,28/04*,"4,72",2026,1,
Mercasa,Fresones,Mercamadrid,24/04*,28/04*,"2,16",2026,1,
Mercasa,Fresones,Mercamadrid,24/04*,28/04*,"2,40",2026,1,
Mercasa,Fresones,Mercabarna,24/04,28/04,"4,50",2026,1,
Mercasa,Fresones,Mercabarna,24/04,28/04,"3,50",2026,1,
Mercasa,Fresones,Mercabarna,24/04,28/04,"1,60",2026,1,
Mercasa,Fresones,Mercabarna,24/04,28/04,"1,15",2026,1,
Mercasa,Fresones,Mercabarna,24/04,28/04,"1,15",2026,1,
Mercasa,Fresones,Mercabarna,24/04,28/04,"0,95",2026,1,
Mercasa,Fresones,Mercabarna,24/04,28/04,"4,50",2026,1,
Mercasa,Fresones,Mercabarna,24/04,28/04,"1,50",2026,1,
Mercasa,Fresones,Mercabarna,24/04,28/04,"1,60",2026,1,
Mercasa,Fresones,Mercabarna,24/04,28/04,"2,50",2026,1,
Mercasa,Fresones,Mercabilbao,24/04,28/04,"3,00",2026,1,
Mercasa,Fresones,Mercabilbao,24/04,28/04,"3,00",2026,1,
Mercasa,Fresones,Mercabilbao,24/04,28/04,"2,05",2026,1,
Mercasa,Fresones,Mercabilbao,24/04,28/04,"1,10",2026,1,
Mercasa,Fresones,Mercabilbao,24/04,28/04,"1,10",2026,1,
Mercasa,Fresones,Mercabilbao,24/04,28/04,"3,40",2026,1,
Mercasa,Fresones,Mercabilbao,24/04,28/04,"1,70",2026,1,
Mercasa,Fresones,Mercabilbao,24/04,28/04,"2,30",2026,1,
Mercasa,Fresones,Mercavalencia,24/04,28/04,"3,00",2026,1,
Mercasa,Fresones,Mercavalencia,24/04,28/04,"3,00",2026,1,
Mercasa,Fresones,Mercavalencia,24/04,28/04,"1,20",2026,1,
Mercasa,Fresones,Mercavalencia,24/04,28/04,"0,70",2026,1,
Mercasa,Fresones,Mercavalencia,24/04,28/04,"3,00",2026,1,
Mercasa,Fresones,Mercavalencia,24/04,28/04,"2,00",2026,1,
Mercasa,Fresones,Mercavalencia,24/04,28/04,"2,25",2026,1,
Mercasa,Fresones,Mercasevilla,24/04,28/04,"3,64",2026,1,
Mercasa,Fresones,Mercasevilla,24/04,28/04,"2,34",2026,1,
Mercasa,Fresones,Mercasevilla,24/04,28/04,"1,51",2026,1,
Mercasa,Fresones,Mercasevilla,24/04,28/04,"1,88",2026,1,
Mercasa,Fresones,Mercasevilla,24/04,28/04,"1,55",2026,1,
Mercasa,Fresones,Mercasevilla,24/04,28/04,"0,65",2026,1,
Mercasa,Fresones,Mercasevilla,24/04,28/04,"2,99",2026,1,
Mercasa,Fresones,Mercasevilla,24/04,28/04,"2,21",2026,1,
Mercasa,Fresones,Mercasevilla,24/04,28/04,"1,85",2026,1,
Mercasa,Fresones,Mercasevilla,24/04,28/04,"2,26",2026,1,
Mercasa,Fresones,Mercamadrid,21/04*,24/04*,"4,75",2026,1,
Mercasa,Fresones,Mercamadrid,21/04*,24/04*,"2,73",2026,1,
Mercasa,Fresones,Mercamadrid,21/04*,24/04*,"1,50",2026,1,
Mercasa,Fresones,Mercamadrid,21/04*,24/04*,"1,94",2026,1,
Mercasa,Fresones,Mercamadrid,21/04*,24/04*,"1,60",2026,1,
Mercasa,Fresones,Mercamadrid,21/04*,24/04*,"1,20",2026,1,
Mercasa,Fresones,Mercamadrid,21/04*,24/04*,"5,50",2026,1,
Mercasa,Fresones,Mercamadrid,21/04*,24/04*,"2,16",2026,1,
Mercasa,Fresones,Mercamadrid,21/04*,24/04*,"2,10",2026,1,
Mercasa,Fresones,Mercabarna,21/04,24/04,"4,50",2026,1,
Mercasa,Fresones,Mercabarna,21/04,24/04,"3,00",2026,1,
Mercasa,Fresones,Mercabarna,21/04,24/04,"1,60",2026,1,
Mercasa,Fresones,Mercabarna,21/04,24/04,"1,15",2026,1,
Mercasa,Fresones,Mercabarna,21/04,24/04,"1,15",2026,1,
Mercasa,Fresones,Mercabarna,21/04,24/04,"0,95",2026,1,
Mercasa,Fresones,Mercabarna,21/04,24/04,"4,50",2026,1,
Mercasa,Fresones,Mercabarna,21/04,24/04,"1,50",2026,1,
Mercasa,Fresones,Mercabarna,21/04,24/04,"1,60",2026,1,
Mercasa,Fresones,Mercabarna,21/04,24/04,"2,50",2026,1,
Mercasa,Fresones,Mercabilbao,21/04,24/04,"3,00",2026,1,
Mercasa,Fresones,Mercabilbao,21/04,24/04,"2,75",2026,1,
Mercasa,Fresones,Mercabilbao,21/04,24/04,"2,05",2026,1,
Mercasa,Fresones,Mercabilbao,21/04,24/04,"1,10",2026,1,
Mercasa,Fresones,Mercabilbao,21/04,24/04,"1,10",2026,1,
Mercasa,Fresones,Mercabilbao,21/04,24/04,"3,50",2026,1,
Mercasa,Fresones,Mercabilbao,21/04,24/04,"1,70",2026,1,
Mercasa,Fresones,Mercabilbao,21/04,24/04,"2,30",2026,1,
Mercasa,Fresones,Mercavalencia,21/04,24/04,"3,00",2026,1,
Mercasa,Fresones,Mercavalencia,21/04,24/04,"3,00",2026,1,
Mercasa,Fresones,Mercavalencia,21/04,24/04,"1,20",2026,1,
Mercasa,Fresones,Mercavalencia,21/04,24/04,"0,70",2026,1,
Mercasa,Fresones,Mercavalencia,21/04,24/04,"3,00",2026,1,
Mercasa,Fresones,Mercavalencia,21/04,24/04,"2,00",2026,1,
Mercasa,Fresones,Mercavalencia,21/04,24/04,"2,25",2026,1,
Mercasa,Fresones,Mercasevilla,21/04,24/04,"3,64",2026,1,
Mercasa,Fresones,Mercasevilla,21/04,24/04,"2,34",2026,1,
Mercasa,Fresones,Mercasevilla,21/04,24/04,"1,51",2026,1,
Mercasa,Fresones,Mercasevilla,21/04,24/04,"1,88",2026,1,
Mercasa,Fresones,Mercasevilla,21/04,24/04,"1,55",2026,1,
Mercasa,Fresones,Mercasevilla,21/04,24/04,"0,65",2026,1,
Mercasa,Fresones,Mercasevilla,21/04,24/04,"2,99",2026,1,
Mercasa,Fresones,Mercasevilla,21/04,24/04,"2,21",2026,1,
Mercasa,Fresones,Mercasevilla,21/04,24/04,"1,85",2026,1,
Mercasa,Fresones,Mercasevilla,21/04,24/04,"2,26",2026,1,
Mercasa,Fresones,Mercamadrid,17/04*,21/04*,"4,75",2026,1,
Mercasa,Fresones,Mercamadrid,17/04*,21/04*,"2,73",2026,1,
Mercasa,Fresones,Mercamadrid,17/04*,21/04*,"1,50",2026,1,
Mercasa,Fresones,Mercamadrid,17/04*,21/04*,"1,94",2026,1,
Mercasa,Fresones,Mercamadrid,17/04*,21/04*,"1,60",2026,1,
Mercasa,Fresones,Mercamadrid,17/04*,21/04*,"1,20",2026,1,
Mercasa,Fresones,Mercamadrid,17/04*,21/04*,"5,50",2026,1,
Mercasa,Fresones,Mercamadrid,17/04*,21/04*,"2,16",2026,1,
Mercasa,Fresones,Mercamadrid,17/04*,21/04*,"2,10",2026,1,
Mercasa,Fresones,Mercabarna,17/04,21/04,"4,50",2026,1,
Mercasa,Fresones,Mercabarna,17/04,21/04,"2,25",2026,1,
Mercasa,Fresones,Mercabarna,17/04,21/04,"1,50",2026,1,
Mercasa,Fresones,Mercabarna,17/04,21/04,"1,10",2026,1,
Mercasa,Fresones,Mercabarna,17/04,21/04,"1,00",2026,1,
Mercasa,Fresones,Mercabarna,17/04,21/04,"1,10",2026,1,
Mercasa,Fresones,Mercabarna,17/04,21/04,"5,00",2026,1,
Mercasa,Fresones,Mercabarna,17/04,21/04,"1,50",2026,1,
Mercasa,Fresones,Mercabarna,17/04,21/04,"1,80",2026,1,
Mercasa,Fresones,Mercabarna,17/04,21/04,"2,50",2026,1,
Mercasa,Fresones,Mercabilbao,17/04,21/04,"3,00",2026,1,
Mercasa,Fresones,Mercabilbao,17/04,21/04,"2,25",2026,1,
Mercasa,Fresones,Mercabilbao,17/04,21/04,"2,00",2026,1,
Mercasa,Fresones,Mercabilbao,17/04,21/04,"1,10",2026,1,
Mercasa,Fresones,Mercabilbao,17/04,21/04,"1,10",2026,1,
Mercasa,Fresones,Mercabilbao,17/04,21/04,"4,00",2026,1,
Mercasa,Fresones,Mercabilbao,17/04,21/04,"1,70",2026,1,
Mercasa,Fresones,Mercabilbao,17/04,21/04,"2,30",2026,1,
Mercasa,Fresones,Mercavalencia,17/04,21/04,"3,00",2026,1,
Mercasa,Fresones,Mercavalencia,17/04,21/04,"2,25",2026,1,
Mercasa,Fresones,Mercavalencia,17/04,21/04,"1,30",2026,1,
Mercasa,Fresones,Mercavalencia,17/04,21/04,"0,60",2026,1,
Mercasa,Fresones,Mercavalencia,17/04,21/04,"3,00",2026,1,
Mercasa,Fresones,Mercavalencia,17/04,21/04,"2,00",2026,1,
Mercasa,Fresones,Mercavalencia,17/04,21/04,"1,80",2026,1,
Mercasa,Fresones,Mercasevilla,17/04,21/04,"4,03",2026,1,
Mercasa,Fresones,Mercasevilla,17/04,21/04,"2,26",2026,1,
Mercasa,Fresones,Mercasevilla,17/04,21/04,"1,46",2026,1,
Mercasa,Fresones,Mercasevilla,17/04,21/04,"1,93",2026,1,
Mercasa,Fresones,Mercasevilla,17/04,21/04,"1,79",2026,1,
Mercasa,Fresones,Mercasevilla,17/04,21/04,"0,65",2026,1,
Mercasa,Fresones,Mercasevilla,17/04,21/04,"3,76",2026,1,
Mercasa,Fresones,Mercasevilla,17/04,21/04,"1,89",2026,1,
Mercasa,Fresones,Mercasevilla,17/04,21/04,"1,95",2026,1,
Mercasa,Fresones,Mercasevilla,17/04,21/04,"2,27",2026,1,
Mercasa,Fresones,Mercamadrid,14/04*,17/04*,"4,67",2026,1,
Mercasa,Fresones,Mercamadrid,14/04*,17/04*,"3,02",2026,1,
Mercasa,Fresones,Mercamadrid,14/04*,17/04*,"1,58",2026,1,
Mercasa,Fresones,Mercamadrid,14/04*,17/04*,"1,83",2026,1,
Mercasa,Fresones,Mercamadrid,14/04*,17/04*,"1,60",2026,1,
Mercasa,Fresones,Mercamadrid,14/04*,17/04*,"1,20",2026,1,
Mercasa,Fresones,Mercamadrid,14/04*,17/04*,"6,29",2026,1,
Mercasa,Fresones,Mercamadrid,14/04*,17/04*,"2,23",2026,1,
Mercasa,Fresones,Mercamadrid,14/04*,17/04*,"1,83",2026,1,
Mercasa,Fresones,Mercabarna,14/04,17/04,"4,50",2026,1,
Mercasa,Fresones,Mercabarna,14/04,17/04,"2,25",2026,1,
Mercasa,Fresones,Mercabarna,14/04,17/04,"1,50",2026,1,
Mercasa,Fresones,Mercabarna,14/04,17/04,"1,10",2026,1,
Mercasa,Fresones,Mercabarna,14/04,17/04,"1,00",2026,1,
Mercasa,Fresones,Mercabarna,14/04,17/04,"1,10",2026,1,
Mercasa,Fresones,Mercabarna,14/04,17/04,"5,00",2026,1,
Mercasa,Fresones,Mercabarna,14/04,17/04,"1,50",2026,1,
Mercasa,Fresones,Mercabarna,14/04,17/04,"1,80",2026,1,
Mercasa,Fresones,Mercabarna,14/04,17/04,"2,50",2026,1,
Mercasa,Fresones,Mercabilbao,14/04,17/04,"3,00",2026,1,
Mercasa,Fresones,Mercabilbao,14/04,17/04,"2,25",2026,1,
Mercasa,Fresones,Mercabilbao,14/04,17/04,"2,05",2026,1,
Mercasa,Fresones,Mercabilbao,14/04,17/04,"1,10",2026,1,
Mercasa,Fresones,Mercabilbao,14/04,17/04,"1,10",2026,1,
Mercasa,Fresones,Mercabilbao,14/04,17/04,"3,70",2026,1,
Mercasa,Fresones,Mercabilbao,14/04,17/04,"1,70",2026,1,
Mercasa,Fresones,Mercabilbao,14/04,17/04,"2,20",2026,1,
Mercasa,Fresones,Mercavalencia,14/04,17/04,"3,00",2026,1,
Mercasa,Fresones,Mercavalencia,14/04,17/04,"2,25",2026,1,
Mercasa,Fresones,Mercavalencia,14/04,17/04,"1,30",2026,1,
Mercasa,Fresones,Mercavalencia,14/04,17/04,"0,60",2026,1,
Mercasa,Fresones,Mercavalencia,14/04,17/04,"3,00",2026,1,
Mercasa,Fresones,Mercavalencia,14/04,17/04,"2,00",2026,1,
Mercasa,Fresones,Mercavalencia,14/04,17/04,"1,80",2026,1,
Mercasa,Fresones,Mercasevilla,14/04,17/04,"4,03",2026,1,
Mercasa,Fresones,Mercasevilla,14/04,17/04,"2,26",2026,1,
Mercasa,Fresones,Mercasevilla,14/04,17/04,"1,46",2026,1,
Mercasa,Fresones,Mercasevilla,14/04,17/04,"1,93",2026,1,
Mercasa,Fresones,Mercasevilla,14/04,17/04,"1,79",2026,1,
Mercasa,Fresones,Mercasevilla,14/04,17/04,"0,65",2026,1,
Mercasa,Fresones,Mercasevilla,14/04,17/04,"3,76",2026,1,
Mercasa,Fresones,Mercasevilla,14/04,17/04,"1,89",2026,1,
Mercasa,Fresones,Mercasevilla,14/04,17/04,"1,95",2026,1,
Mercasa,Fresones,Mercasevilla,14/04,17/04,"2,27",2026,1,
Mercasa,Fresones,Mercamadrid,10/04*,14/04*,"4,67",2026,1,
Mercasa,Fresones,Mercamadrid,10/04*,14/04*,"3,02",2026,1,
Mercasa,Fresones,Mercamadrid,10/04*,14/04*,"1,58",2026,1,
Mercasa,Fresones,Mercamadrid,10/04*,14/04*,"1,83",2026,1,
Mercasa,Fresones,Mercamadrid,10/04*,14/04*,"1,60",2026,1,
Mercasa,Fresones,Mercamadrid,10/04*,14/04*,"1,20",2026,1,
Mercasa,Fresones,Mercamadrid,10/04*,14/04*,"6,29",2026,1,
Mercasa,Fresones,Mercamadrid,10/04*,14/04*,"2,23",2026,1,
Mercasa,Fresones,Mercamadrid,10/04*,14/04*,"1,83",2026,1,
Mercasa,Fresones,Mercabarna,10/04,14/04,"3,50",2026,1,
Mercasa,Fresones,Mercabarna,10/04,14/04,"3,00",2026,1,
Mercasa,Fresones,Mercabarna,10/04,14/04,"1,50",2026,1,
Mercasa,Fresones,Mercabarna,10/04,14/04,"1,10",2026,1,
Mercasa,Fresones,Mercabarna,10/04,14/04,"1,00",2026,1,
Mercasa,Fresones,Mercabarna,10/04,14/04,"1,10",2026,1,
Mercasa,Fresones,Mercabarna,10/04,14/04,"5,00",2026,1,
Mercasa,Fresones,Mercabarna,10/04,14/04,"1,50",2026,1,
Mercasa,Fresones,Mercabarna,10/04,14/04,"1,80",2026,1,
Mercasa,Fresones,Mercabarna,10/04,14/04,"2,50",2026,1,
Mercasa,Fresones,Mercabilbao,10/04,14/04,"3,00",2026,1,
Mercasa,Fresones,Mercabilbao,10/04,14/04,"2,75",2026,1,
Mercasa,Fresones,Mercabilbao,10/04,14/04,"1,85",2026,1,
Mercasa,Fresones,Mercabilbao,10/04,14/04,"1,10",2026,1,
Mercasa,Fresones,Mercabilbao,10/04,14/04,"1,10",2026,1,
Mercasa,Fresones,Mercabilbao,10/04,14/04,"5,00",2026,1,
Mercasa,Fresones,Mercabilbao,10/04,14/04,"1,70",2026,1,
Mercasa,Fresones,Mercabilbao,10/04,14/04,"1,90",2026,1,
Mercasa,Fresones,Mercavalencia,10/04,14/04,"3,00",2026,1,
Mercasa,Fresones,Mercavalencia,10/04,14/04,"3,25",2026,1,
Mercasa,Fresones,Mercavalencia,10/04,14/04,"1,15",2026,1,
Mercasa,Fresones,Mercavalencia,10/04,14/04,"0,80",2026,1,
Mercasa,Fresones,Mercavalencia,10/04,14/04,"0,70",2026,1,
Mercasa,Fresones,Mercavalencia,10/04,14/04,"0,60",2026,1,
Mercasa,Fresones,Mercavalencia,10/04,14/04,"5,00",2026,1,
Mercasa,Fresones,Mercavalencia,10/04,14/04,"2,00",2026,1,
Mercasa,Fresones,Mercavalencia,10/04,14/04,"1,40",2026,1,
Mercasa,Fresones,Mercasevilla,10/04,14/04,"3,76",2026,1,
Mercasa,Fresones,Mercasevilla,10/04,14/04,"2,25",2026,1,
Mercasa,Fresones,Mercasevilla,10/04,14/04,"1,37",2026,1,
Mercasa,Fresones,Mercasevilla,10/04,14/04,"1,81",2026,1,
Mercasa,Fresones,Mercasevilla,10/04,14/04,"1,68",2026,1,
Mercasa,Fresones,Mercasevilla,10/04,14/04,"0,80",2026,1,
Mercasa,Fresones,Mercasevilla,10/04,14/04,"4,50",2026,1,
Mercasa,Fresones,Mercasevilla,10/04,14/04,"2,00",2026,1,
Mercasa,Fresones,Mercasevilla,10/04,14/04,"1,86",2026,1,
Mercasa,Fresones,Mercasevilla,10/04,14/04,"1,56",2026,1,
Mercasa,Fresones,Mercamadrid,07/04*,10/04*,"4,45",2026,1,
Mercasa,Fresones,Mercamadrid,07/04*,10/04*,"3,40",2026,1,
Mercasa,Fresones,Mercamadrid,07/04*,10/04*,"1,50",2026,1,
Mercasa,Fresones,Mercamadrid,07/04*,10/04*,"1,80",2026,1,
Mercasa,Fresones,Mercamadrid,07/04*,10/04*,"1,60",2026,1,
Mercasa,Fresones,Mercamadrid,07/04*,10/04*,"1,20",2026,1,
Mercasa,Fresones,Mercamadrid,07/04*,10/04*,"6,17",2026,1,
Mercasa,Fresones,Mercamadrid,07/04*,10/04*,"2,30",2026,1,
Mercasa,Fresones,Mercamadrid,07/04*,10/04*,"1,70",2026,1,
Mercasa,Fresones,Mercabarna,07/04,10/04,"4,50",2026,1,
Mercasa,Fresones,Mercabarna,07/04,10/04,"2,50",2026,1,
Mercasa,Fresones,Mercabarna,07/04,10/04,"1,30",2026,1,
Mercasa,Fresones,Mercabarna,07/04,10/04,"1,10",2026,1,
Mercasa,Fresones,Mercabarna,07/04,10/04,"1,00",2026,1,
Mercasa,Fresones,Mercabarna,07/04,10/04,"1,10",2026,1,
Mercasa,Fresones,Mercabarna,07/04,10/04,"8,00",2026,1,
Mercasa,Fresones,Mercabarna,07/04,10/04,"1,50",2026,1,
Mercasa,Fresones,Mercabarna,07/04,10/04,"1,80",2026,1,
Mercasa,Fresones,Mercabarna,07/04,10/04,"1,50",2026,1,
Mercasa,Fresones,Mercabilbao,07/04,10/04,"3,75",2026,1,
Mercasa,Fresones,Mercabilbao,07/04,10/04,"3,25",2026,1,
Mercasa,Fresones,Mercabilbao,07/04,10/04,"1,85",2026,1,
Mercasa,Fresones,Mercabilbao,07/04,10/04,"1,10",2026,1,
Mercasa,Fresones,Mercabilbao,07/04,10/04,"1,10",2026,1,
Mercasa,Fresones,Mercabilbao,07/04,10/04,"5,50",2026,1,
Mercasa,Fresones,Mercabilbao,07/04,10/04,"1,70",2026,1,
Mercasa,Fresones,Mercabilbao,07/04,10/04,"1,70",2026,1,
Mercasa,Fresones,Mercavalencia,07/04,10/04,"3,00",2026,1,
Mercasa,Fresones,Mercavalencia,07/04,10/04,"3,25",2026,1,
Mercasa,Fresones,Mercavalencia,07/04,10/04,"1,15",2026,1,
Mercasa,Fresones,Mercavalencia,07/04,10/04,"0,80",2026,1,
Mercasa,Fresones,Mercavalencia,07/04,10/04,"0,70",2026,1,
Mercasa,Fresones,Mercavalencia,07/04,10/04,"0,60",2026,1,
Mercasa,Fresones,Mercavalencia,07/04,10/04,"5,00",2026,1,
Mercasa,Fresones,Mercavalencia,07/04,10/04,"2,00",2026,1,
Mercasa,Fresones,Mercavalencia,07/04,10/04,"1,40",2026,1,
Mercasa,Fresones,Mercasevilla,07/04,10/04,"3,76",2026,1,
Mercasa,Fresones,Mercasevilla,07/04,10/04,"2,25",2026,1,
Mercasa,Fresones,Mercasevilla,07/04,10/04,"1,37",2026,1,
Mercasa,Fresones,Mercasevilla,07/04,10/04,"1,81",2026,1,
Mercasa,Fresones,Mercasevilla,07/04,10/04,"1,68",2026,1,
Mercasa,Fresones,Mercasevilla,07/04,10/04,"0,65",2026,1,
Mercasa,Fresones,Mercasevilla,07/04,10/04,"4,50",2026,1,
Mercasa,Fresones,Mercasevilla,07/04,10/04,"2,00",2026,1,
Mercasa,Fresones,Mercasevilla,07/04,10/04,"1,86",2026,1,
Mercasa,Fresones,Mercasevilla,07/04,10/04,"1,56",2026,1,
Mercasa,Fresones,Mercamadrid,03/04*,07/04*,"4,45",2026,1,
Mercasa,Fresones,Mercamadrid,03/04*,07/04*,"3,40",2026,1,
Mercasa,Fresones,Mercamadrid,03/04*,07/04*,"1,50",2026,1,
Mercasa,Fresones,Mercamadrid,03/04*,07/04*,"1,80",2026,1,
Mercasa,Fresones,Mercamadrid,03/04*,07/04*,"1,60",2026,1,
Mercasa,Fresones,Mercamadrid,03/04*,07/04*,"1,20",2026,1,
Mercasa,Fresones,Mercamadrid,03/04*,07/04*,"6,17",2026,1,
Mercasa,Fresones,Mercamadrid,03/04*,07/04*,"2,30",2026,1,
Mercasa,Fresones,Mercamadrid,03/04*,07/04*,"1,70",2026,1,
Mercasa,Fresones,Mercabarna,03/04,07/04,"4,50",2026,1,
Mercasa,Fresones,Mercabarna,03/04,07/04,"2,50",2026,1,
Mercasa,Fresones,Mercabarna,03/04,07/04,"1,30",2026,1,
Mercasa,Fresones,Mercabarna,03/04,07/04,"1,10",2026,1,
Mercasa,Fresones,Mercabarna,03/04,07/04,"1,00",2026,1,
Mercasa,Fresones,Mercabarna,03/04,07/04,"1,10",2026,1,
Mercasa,Fresones,Mercabarna,03/04,07/04,"8,00",2026,1,
Mercasa,Fresones,Mercabarna,03/04,07/04,"1,50",2026,1,
Mercasa,Fresones,Mercabarna,03/04,07/04,"1,80",2026,1,
Mercasa,Fresones,Mercabarna,03/04,07/04,"1,50",2026,1,
Mercasa,Fresones,Mercabilbao,03/04,07/04,"3,75",2026,1,
Mercasa,Fresones,Mercabilbao,03/04,07/04,"2,25",2026,1,
Mercasa,Fresones,Mercabilbao,03/04,07/04,"1,50",2026,1,
Mercasa,Fresones,Mercabilbao,03/04,07/04,"1,10",2026,1,
Mercasa,Fresones,Mercabilbao,03/04,07/04,"1,00",2026,1,
Mercasa,Fresones,Mercabilbao,03/04,07/04,"6,50",2026,1,
Mercasa,Fresones,Mercabilbao,03/04,07/04,"1,70",2026,1,
Mercasa,Fresones,Mercabilbao,03/04,07/04,"1,70",2026,1,
Mercasa,Fresones,Mercavalencia,03/04,07/04,"3,00",2026,1,
Mercasa,Fresones,Mercavalencia,03/04,07/04,"4,00",2026,1,
Mercasa,Fresones,Mercavalencia,03/04,07/04,"1,25",2026,1,
Mercasa,Fresones,Mercavalencia,03/04,07/04,"0,80",2026,1,
Mercasa,Fresones,Mercavalencia,03/04,07/04,"0,70",2026,1,
Mercasa,Fresones,Mercavalencia,03/04,07/04,"0,60",2026,1,
Mercasa,Fresones,Mercavalencia,03/04,07/04,"7,00",2026,1,
Mercasa,Fresones,Mercavalencia,03/04,07/04,"2,00",2026,1,
Mercasa,Fresones,Mercavalencia,03/04,07/04,"1,40",2026,1,
Mercasa,Fresones,Mercasevilla,03/04,07/04,"4,50",2026,1,
Mercasa,Fresones,Mercasevilla,03/04,07/04,"2,25",2026,1,
Mercasa,Fresones,Mercasevilla,03/04,07/04,"1,25",2026,1,
Mercasa,Fresones,Mercasevilla,03/04,07/04,"1,98",2026,1,
Mercasa,Fresones,Mercasevilla,03/04,07/04,"1,55",2026,1,
Mercasa,Fresones,Mercasevilla,03/04,07/04,"0,65",2026,1,
Mercasa,Fresones,Mercasevilla,03/04,07/04,"4,75",2026,1,
Mercasa,Fresones,Mercasevilla,03/04,07/04,"2,10",2026,1,
Mercasa,Fresones,Mercasevilla,03/04,07/04,"1,80",2026,1,
Mercasa,Fresones,Mercasevilla,03/04,07/04,"1,55",2026,1,
Mercasa,Fresones,Mercamadrid,31/03*,03/04*,"3,68",2026,1,
Mercasa,Fresones,Mercamadrid,31/03*,03/04*,"1,50",2026,1,
Mercasa,Fresones,Mercamadrid,31/03*,03/04*,"1,85",2026,1,
Mercasa,Fresones,Mercamadrid,31/03*,03/04*,"1,60",2026,1,
Mercasa,Fresones,Mercamadrid,31/03*,03/04*,"1,20",2026,1,
Mercasa,Fresones,Mercamadrid,31/03*,03/04*,"2,35",2026,1,
Mercasa,Fresones,Mercamadrid,31/03*,03/04*,"1,67",2026,1,
Mercasa,Fresones,Mercabarna,31/03,03/04,"2,50",2026,1,
Mercasa,Fresones,Mercabarna,31/03,03/04,"1,30",2026,1,
Mercasa,Fresones,Mercabarna,31/03,03/04,"1,10",2026,1,
Mercasa,Fresones,Mercabarna,31/03,03/04,"1,00",2026,1,
Mercasa,Fresones,Mercabarna,31/03,03/04,"1,10",2026,1,
Mercasa,Fresones,Mercabarna,31/03,03/04,"1,50",2026,1,
Mercasa,Fresones,Mercabarna,31/03,03/04,"1,80",2026,1,
Mercasa,Fresones,Mercabarna,31/03,03/04,"1,50",2026,1,
Mercasa,Fresones,Mercabilbao,31/03,03/04,"2,00",2026,1,
Mercasa,Fresones,Mercabilbao,31/03,03/04,"1,50",2026,1,
Mercasa,Fresones,Mercabilbao,31/03,03/04,"1,10",2026,1,
Mercasa,Fresones,Mercabilbao,31/03,03/04,"1,00",2026,1,
Mercasa,Fresones,Mercabilbao,31/03,03/04,"1,70",2026,1,
Mercasa,Fresones,Mercabilbao,31/03,03/04,"1,60",2026,1,
Mercasa,Fresones,Mercabilbao,31/03,03/04,"1,00",2026,1,
Mercasa,Fresones,Mercavalencia,31/03,03/04,"3,00",2026,1,
Mercasa,Fresones,Mercavalencia,31/03,03/04,"4,00",2026,1,
Mercasa,Fresones,Mercavalencia,31/03,03/04,"1,25",2026,1,
Mercasa,Fresones,Mercavalencia,31/03,03/04,"0,80",2026,1,
Mercasa,Fresones,Mercavalencia,31/03,03/04,"0,70",2026,1,
Mercasa,Fresones,Mercavalencia,31/03,03/04,"0,60",2026,1,
Mercasa,Fresones,Mercavalencia,31/03,03/04,"7,00",2026,1,
Mercasa,Fresones,Mercavalencia,31/03,03/04,"2,00",2026,1,
Mercasa,Fresones,Mercavalencia,31/03,03/04,"1,40",2026,1,
Mercasa,Fresones,Mercamadrid,27/03*,31/03*,"4,33",2026,1,
Mercasa,Fresones,Mercamadrid,27/03*,31/03*,"1,41",2026,1,
Mercasa,Fresones,Mercamadrid,27/03*,31/03*,"1,86",2026,1,
Mercasa,Fresones,Mercamadrid,27/03*,31/03*,"1,60",2026,1,
Mercasa,Fresones,Mercamadrid,27/03*,31/03*,"0,80",2026,1,
Mercasa,Fresones,Mercamadrid,27/03*,31/03*,"2,33",2026,1,
Mercasa,Fresones,Mercamadrid,27/03*,31/03*,"1,50",2026,1,
Mercasa,Fresones,Mercamadrid,27/03*,31/03*,"1,60",2026,1,
Mercasa,Fresones,Mercamadrid,27/03*,31/03*,"1,40",2026,1,
Mercasa,Fresones,Mercabarna,27/03,31/03,"2,00",2026,1,
Mercasa,Fresones,Mercabarna,27/03,31/03,"1,30",2026,1,
Mercasa,Fresones,Mercabarna,27/03,31/03,"1,10",2026,1,
Mercasa,Fresones,Mercabarna,27/03,31/03,"1,00",2026,1,
Mercasa,Fresones,Mercabarna,27/03,31/03,"1,10",2026,1,
Mercasa,Fresones,Mercabarna,27/03,31/03,"1,50",2026,1,
Mercasa,Fresones,Mercabarna,27/03,31/03,"1,50",2026,1,
Mercasa,Fresones,Mercabarna,27/03,31/03,"1,80",2026,1,
Mercasa,Fresones,Mercabarna,27/03,31/03,"1,40",2026,1,
Mercasa,Fresones,Mercabarna,27/03,31/03,"1,40",2026,1,
Mercasa,Fresones,Mercabilbao,27/03,31/03,"2,25",2026,1,
Mercasa,Fresones,Mercabilbao,27/03,31/03,"1,40",2026,1,
Mercasa,Fresones,Mercabilbao,27/03,31/03,"1,10",2026,1,
Mercasa,Fresones,Mercabilbao,27/03,31/03,"1,00",2026,1,
Mercasa,Fresones,Mercabilbao,27/03,31/03,"1,70",2026,1,
Mercasa,Fresones,Mercabilbao,27/03,31/03,"1,50",2026,1,
Mercasa,Fresones,Mercabilbao,27/03,31/03,"1,60",2026,1,
Mercasa,Fresones,Mercabilbao,27/03,31/03,"1,25",2026,1,
Mercasa,Fresones,Mercavalencia,27/03,31/03,"3,00",2026,1,
Mercasa,Fresones,Mercavalencia,27/03,31/03,"1,25",2026,1,
Mercasa,Fresones,Mercavalencia,27/03,31/03,"0,80",2026,1,
Mercasa,Fresones,Mercavalencia,27/03,31/03,"0,70",2026,1,
Mercasa,Fresones,Mercavalencia,27/03,31/03,"0,60",2026,1,
Mercasa,Fresones,Mercavalencia,27/03,31/03,"2,00",2026,1,
Mercasa,Fresones,Mercavalencia,27/03,31/03,"1,20",2026,1,
Mercasa,Fresones,Mercavalencia,27/03,31/03,"1,40",2026,1,
Mercasa,Fresones,Mercavalencia,27/03,31/03,"1,00",2026,1,
Mercasa,Fresones,Mercasevilla,27/03,31/03,"2,30",2026,1,
Mercasa,Fresones,Mercasevilla,27/03,31/03,"1,17",2026,1,
Mercasa,Fresones,Mercasevilla,27/03,31/03,"1,61",2026,1,
Mercasa,Fresones,Mercasevilla,27/03,31/03,"1,60",2026,1,
Mercasa,Fresones,Mercasevilla,27/03,31/03,"0,80",2026,1,
Mercasa,Fresones,Mercasevilla,27/03,31/03,"2,00",2026,1,
Mercasa,Fresones,Mercasevilla,27/03,31/03,"1,50",2026,1,
Mercasa,Fresones,Mercasevilla,27/03,31/03,"1,85",2026,1,
Mercasa,Fresones,Mercasevilla,27/03,31/03,"1,47",2026,1,
Mercasa,Fresones,Mercasevilla,27/03,31/03,"1,35",2026,1,
Mercasa,Fresones,Mercamadrid,24/03*,27/03*,"4,33",2026,1,
Mercasa,Fresones,Mercamadrid,24/03*,27/03*,"1,41",2026,1,
Mercasa,Fresones,Mercamadrid,24/03*,27/03*,"1,86",2026,1,
Mercasa,Fresones,Mercamadrid,24/03*,27/03*,"1,60",2026,1,
Mercasa,Fresones,Mercamadrid,24/03*,27/03*,"0,80",2026,1,
Mercasa,Fresones,Mercamadrid,24/03*,27/03*,"2,33",2026,1,
Mercasa,Fresones,Mercamadrid,24/03*,27/03*,"1,50",2026,1,
Mercasa,Fresones,Mercamadrid,24/03*,27/03*,"1,60",2026,1,
Mercasa,Fresones,Mercamadrid,24/03*,27/03*,"1,40",2026,1,
Mercasa,Fresones,Mercabarna,24/03,27/03,"2,75",2026,1,
Mercasa,Fresones,Mercabarna,24/03,27/03,"1,30",2026,1,
Mercasa,Fresones,Mercabarna,24/03,27/03,"1,10",2026,1,
Mercasa,Fresones,Mercabarna,24/03,27/03,"1,00",2026,1,
Mercasa,Fresones,Mercabarna,24/03,27/03,"1,10",2026,1,
Mercasa,Fresones,Mercabarna,24/03,27/03,"1,50",2026,1,
Mercasa,Fresones,Mercabarna,24/03,27/03,"1,35",2026,1,
Mercasa,Fresones,Mercabarna,24/03,27/03,"2,00",2026,1,
Mercasa,Fresones,Mercabarna,24/03,27/03,"1,50",2026,1,
Mercasa,Fresones,Mercabarna,24/03,27/03,"1,40",2026,1,
Mercasa,Fresones,Mercabilbao,24/03,27/03,"2,40",2026,1,
Mercasa,Fresones,Mercabilbao,24/03,27/03,"1,40",2026,1,
Mercasa,Fresones,Mercabilbao,24/03,27/03,"1,10",2026,1,
Mercasa,Fresones,Mercabilbao,24/03,27/03,"1,00",2026,1,
Mercasa,Fresones,Mercabilbao,24/03,27/03,"1,70",2026,1,
Mercasa,Fresones,Mercabilbao,24/03,27/03,"1,50",2026,1,
Mercasa,Fresones,Mercabilbao,24/03,27/03,"1,60",2026,1,
Mercasa,Fresones,Mercabilbao,24/03,27/03,"1,25",2026,1,
Mercasa,Fresones,Mercavalencia,24/03,27/03,"3,50",2026,1,
Mercasa,Fresones,Mercavalencia,24/03,27/03,"1,10",2026,1,
Mercasa,Fresones,Mercavalencia,24/03,27/03,"0,80",2026,1,
Mercasa,Fresones,Mercavalencia,24/03,27/03,"0,70",2026,1,
Mercasa,Fresones,Mercavalencia,24/03,27/03,"2,25",2026,1,
Mercasa,Fresones,Mercavalencia,24/03,27/03,"1,40",2026,1,
Mercasa,Fresones,Mercavalencia,24/03,27/03,"1,60",2026,1,
Mercasa,Fresones,Mercavalencia,24/03,27/03,"1,00",2026,1,
Mercasa,Fresones,Mercasevilla,24/03,27/03,"3,63",2026,1,
Mercasa,Fresones,Mercasevilla,24/03,27/03,"1,05",2026,1,
Mercasa,Fresones,Mercasevilla,24/03,27/03,"1,86",2026,1,
Mercasa,Fresones,Mercasevilla,24/03,27/03,"1,69",2026,1,
Mercasa,Fresones,Mercasevilla,24/03,27/03,"0,80",2026,1,
Mercasa,Fresones,Mercasevilla,24/03,27/03,"2,00",2026,1,
Mercasa,Fresones,Mercasevilla,24/03,27/03,"1,46",2026,1,
Mercasa,Fresones,Mercasevilla,24/03,27/03,"1,85",2026,1,
Mercasa,Fresones,Mercasevilla,24/03,27/03,"1,32",2026,1,
Mercasa,Fresones,Mercasevilla,24/03,27/03,"1,35",2026,1,
Mercasa,Fresones,Mercamadrid,20/03*,24/03*,"4,29",2026,1,
Mercasa,Fresones,Mercamadrid,20/03*,24/03*,"1,50",2026,1,
Mercasa,Fresones,Mercamadrid,20/03*,24/03*,"1,85",2026,1,
Mercasa,Fresones,Mercamadrid,20/03*,24/03*,"1,60",2026,1,
Mercasa,Fresones,Mercamadrid,20/03*,24/03*,"1,30",2026,1,
Mercasa,Fresones,Mercamadrid,20/03*,24/03*,"2,25",2026,1,
Mercasa,Fresones,Mercamadrid,20/03*,24/03*,"1,47",2026,1,
Mercasa,Fresones,Mercamadrid,20/03*,24/03*,"1,57",2026,1,
Mercasa,Fresones,Mercamadrid,20/03*,24/03*,"1,40",2026,1,
Mercasa,Fresones,Mercabarna,20/03,24/03,"2,75",2026,1,
Mercasa,Fresones,Mercabarna,20/03,24/03,"1,30",2026,1,
Mercasa,Fresones,Mercabarna,20/03,24/03,"1,10",2026,1,
Mercasa,Fresones,Mercabarna,20/03,24/03,"1,00",2026,1,
Mercasa,Fresones,Mercabarna,20/03,24/03,"1,10",2026,1,
Mercasa,Fresones,Mercabarna,20/03,24/03,"1,50",2026,1,
Mercasa,Fresones,Mercabarna,20/03,24/03,"1,35",2026,1,
Mercasa,Fresones,Mercabarna,20/03,24/03,"2,00",2026,1,
Mercasa,Fresones,Mercabarna,20/03,24/03,"1,50",2026,1,
Mercasa,Fresones,Mercabilbao,20/03,24/03,"3,75",2026,1,
Mercasa,Fresones,Mercabilbao,20/03,24/03,"1,40",2026,1,
Mercasa,Fresones,Mercabilbao,20/03,24/03,"1,10",2026,1,
Mercasa,Fresones,Mercabilbao,20/03,24/03,"1,00",2026,1,
Mercasa,Fresones,Mercabilbao,20/03,24/03,"1,70",2026,1,
Mercasa,Fresones,Mercabilbao,20/03,24/03,"1,60",2026,1,
Mercasa,Fresones,Mercabilbao,20/03,24/03,"1,60",2026,1,
Mercasa,Fresones,Mercabilbao,20/03,24/03,"1,25",2026,1,
Mercasa,Fresones,Mercavalencia,20/03,24/03,"3,50",2026,1,
Mercasa,Fresones,Mercavalencia,20/03,24/03,"1,10",2026,1,
Mercasa,Fresones,Mercavalencia,20/03,24/03,"0,80",2026,1,
Mercasa,Fresones,Mercavalencia,20/03,24/03,"0,70",2026,1,
Mercasa,Fresones,Mercavalencia,20/03,24/03,"2,25",2026,1,
Mercasa,Fresones,Mercavalencia,20/03,24/03,"1,40",2026,1,
Mercasa,Fresones,Mercavalencia,20/03,24/03,"1,60",2026,1,
Mercasa,Fresones,Mercavalencia,20/03,24/03,"1,00",2026,1,
Mercasa,Fresones,Mercasevilla,20/03,24/03,"3,63",2026,1,
Mercasa,Fresones,Mercasevilla,20/03,24/03,"1,05",2026,1,
Mercasa,Fresones,Mercasevilla,20/03,24/03,"1,86",2026,1,
Mercasa,Fresones,Mercasevilla,20/03,24/03,"1,69",2026,1,
Mercasa,Fresones,Mercasevilla,20/03,24/03,"0,80",2026,1,
Mercasa,Fresones,Mercasevilla,20/03,24/03,"2,00",2026,1,
Mercasa,Fresones,Mercasevilla,20/03,24/03,"1,46",2026,1,
Mercasa,Fresones,Mercasevilla,20/03,24/03,"1,85",2026,1,
Mercasa,Fresones,Mercasevilla,20/03,24/03,"1,32",2026,1,
Mercasa,Fresones,Mercasevilla,20/03,24/03,"1,35",2026,1,
Mercasa,Fresones,Mercamadrid,17/03*,20/03*,"4,29",2026,1,
Mercasa,Fresones,Mercamadrid,17/03*,20/03*,"1,50",2026,1,
Mercasa,Fresones,Mercamadrid,17/03*,20/03*,"1,85",2026,1,
Mercasa,Fresones,Mercamadrid,17/03*,20/03*,"1,60",2026,1,
Mercasa,Fresones,Mercamadrid,17/03*,20/03*,"1,30",2026,1,
Mercasa,Fresones,Mercamadrid,17/03*,20/03*,"2,25",2026,1,
Mercasa,Fresones,Mercamadrid,17/03*,20/03*,"1,47",2026,1,
Mercasa,Fresones,Mercamadrid,17/03*,20/03*,"1,57",2026,1,
Mercasa,Fresones,Mercamadrid,17/03*,20/03*,"1,40",2026,1,
Mercasa,Fresones,Mercabarna,17/03,20/03,"6,00",2026,1,
Mercasa,Fresones,Mercabarna,17/03,20/03,"1,30",2026,1,
Mercasa,Fresones,Mercabarna,17/03,20/03,"1,10",2026,1,
Mercasa,Fresones,Mercabarna,17/03,20/03,"1,00",2026,1,
Mercasa,Fresones,Mercabarna,17/03,20/03,"1,30",2026,1,
Mercasa,Fresones,Mercabarna,17/03,20/03,"1,50",2026,1,
Mercasa,Fresones,Mercabarna,17/03,20/03,"1,25",2026,1,
Mercasa,Fresones,Mercabarna,17/03,20/03,"1,50",2026,1,
Mercasa,Fresones,Mercabarna,17/03,20/03,"1,60",2026,1,
Mercasa,Fresones,Mercabarna,17/03,20/03,"1,40",2026,1,
Mercasa,Fresones,Mercabilbao,17/03,20/03,"5,25",2026,1,
Mercasa,Fresones,Mercabilbao,17/03,20/03,"1,40",2026,1,
Mercasa,Fresones,Mercabilbao,17/03,20/03,"1,10",2026,1,
Mercasa,Fresones,Mercabilbao,17/03,20/03,"1,00",2026,1,
Mercasa,Fresones,Mercabilbao,17/03,20/03,"1,70",2026,1,
Mercasa,Fresones,Mercabilbao,17/03,20/03,"1,50",2026,1,
Mercasa,Fresones,Mercabilbao,17/03,20/03,"1,60",2026,1,
Mercasa,Fresones,Mercabilbao,17/03,20/03,"1,25",2026,1,
Mercasa,Fresones,Mercavalencia,17/03,20/03,"5,00",2026,1,
Mercasa,Fresones,Mercavalencia,17/03,20/03,"0,90",2026,1,
Mercasa,Fresones,Mercavalencia,17/03,20/03,"0,80",2026,1,
Mercasa,Fresones,Mercavalencia,17/03,20/03,"0,70",2026,1,
Mercasa,Fresones,Mercavalencia,17/03,20/03,"0,90",2026,1,
Mercasa,Fresones,Mercavalencia,17/03,20/03,"2,00",2026,1,
Mercasa,Fresones,Mercavalencia,17/03,20/03,"1,25",2026,1,
Mercasa,Fresones,Mercavalencia,17/03,20/03,"1,50",2026,1,
Mercasa,Fresones,Mercavalencia,17/03,20/03,"1,40",2026,1,
Mercasa,Fresones,Mercasevilla,17/03,20/03,"4,40",2026,1,
Mercasa,Fresones,Mercasevilla,17/03,20/03,"1,16",2026,1,
Mercasa,Fresones,Mercasevilla,17/03,20/03,"1,79",2026,1,
Mercasa,Fresones,Mercasevilla,17/03,20/03,"1,72",2026,1,
Mercasa,Fresones,Mercasevilla,17/03,20/03,"0,80",2026,1,
Mercasa,Fresones,Mercasevilla,17/03,20/03,"2,00",2026,1,
Mercasa,Fresones,Mercasevilla,17/03,20/03,"1,50",2026,1,
Mercasa,Fresones,Mercasevilla,17/03,20/03,"2,08",2026,1,
Mercasa,Fresones,Mercasevilla,17/03,20/03,"1,52",2026,1,
Mercasa,Fresones,Mercasevilla,17/03,20/03,"1,42",2026,1,
